comment,author,published_at,like_count,reply_count
Now we know how many bots are in YT comments. There's hardly anyone mentioning the error in the title.,@guinnster1,2025-02-13T06:54:29Z,0,0
Mark Cuban has left the chat.,@AL-pu7ux,2025-02-13T06:35:36Z,0,0
Tulsi isnt director of the cia LOL,@Icureditwithmybrain,2025-02-13T06:32:46Z,0,0
in my opinion Trump says!!!!!   HERE COMES THE LYING BULLSHIT AGAIN,@shaunstrang6658,2025-02-13T06:25:16Z,0,0
Poor editing STOP,@davecurtis-s4u,2025-02-13T05:57:03Z,0,0
"Congrats Tulsi ,God Bless u and Pam and President Trump and Tulsi Super woman",@Gazza-z,2025-02-13T05:54:06Z,0,0
Boooolshit ğŸ’©ğŸ’© mega crap!,@abrahamgarcia1838,2025-02-13T05:39:24Z,0,0
Lets put trump behind bars!,@abrahamgarcia1838,2025-02-13T05:38:50Z,0,0
"Two intelligent, strong, patriotic women just moved into important positions of responsibility. E PLUIBUS UNUM.",@TheMajor-d7b,2025-02-13T05:35:21Z,0,0
"Putin. Our country's national auntry, putin. ğŸ˜†ğŸ«¨ğŸ§Ÿâ€â™€ï¸ğŸ¥¸ğŸ˜†ğŸ˜·ğŸ¤”ğŸ–•",@VictorHaley-gg7tt,2025-02-13T05:21:19Z,0,0
"John Ratcliffe is CIA, Tulsi Gabbard is DNI",@jwallace6913,2025-02-13T05:13:42Z,0,0
This is unbelievable. MAGA! Now investigate the hell out of the department and reveal exactly who was the puppet master the last 4 years.,@juliechild1748,2025-02-13T05:12:56Z,0,0
Look at our â¤.,@VictorHaley-gg7tt,2025-02-13T05:12:11Z,0,0
"Pamala Bondi. 
ğŸ˜¢
â¤
â¤
â¤",@VictorHaley-gg7tt,2025-02-13T05:11:43Z,0,0
Donald. LOVE HER.,@VictorHaley-gg7tt,2025-02-13T05:06:59Z,0,1
This women is an Indian Citizen,@GawardGaward,2025-02-13T05:06:08Z,1,0
This women is an Indian Citizen,@GawardGaward,2025-02-13T05:05:52Z,1,0
"It's a clever little world, vulnerable to evil when the wrong people hold power. - Tulsi Gabbard. Youâ€™ve won. Now, what side are you on?

JK
DUH
.",@VictorHaley-gg7tt,2025-02-13T05:04:53Z,0,0
"Go Tulsi!!!
â¤ï¸",@Dt.1.KENOBI,2025-02-13T05:03:23Z,0,0
"u like him or hate him, u can't deny that this guy is working",@kerokupo,2025-02-13T05:02:24Z,0,0
Look at her suit. Wow.,@VictorHaley-gg7tt,2025-02-13T05:01:10Z,0,0
"Madam Tulsi. 
ğŸ˜¢â¤ğŸ‰
Mr. Trump. Man. You're like, it.",@VictorHaley-gg7tt,2025-02-13T04:58:17Z,0,0
"dni, not cia...",@thesojourner4232,2025-02-13T04:56:46Z,0,0
Curry Inteligence Department!!!!!,@fleshpuppet2679,2025-02-13T04:56:35Z,0,0
"Trump. Donald. 
There's too many people who just like you earned THEIR TIME .
Shh. 
ğŸ˜Š",@VictorHaley-gg7tt,2025-02-13T04:55:52Z,0,0
"Putin. 
Hi.",@VictorHaley-gg7tt,2025-02-13T04:54:08Z,0,0
Totally frickin cool . competent. real. Unwavering. In your face and considerate,@ChrisYarbrough-ts9cv,2025-02-13T04:52:40Z,0,0
Trump will take over mexico for good bless people,@rey86705,2025-02-13T04:50:44Z,0,0
"A BIG FAT LIAR, thatâ€™s who yall voted for!!",@BASSisMElife123,2025-02-13T04:49:42Z,0,0
"Tulsi Madam ji.
She's, I'm not looking. 
Bah. ğŸ˜¢ğŸ˜…ğŸ˜®ğŸ˜ŠğŸ˜…ğŸ˜…ğŸ˜…ğŸ‰",@VictorHaley-gg7tt,2025-02-13T04:49:14Z,0,0
Lying Trumpâ€¦i thought it would end in 24 hrs,@BASSisMElife123,2025-02-13T04:49:05Z,0,0
Excellent,@ChrisYarbrough-ts9cv,2025-02-13T04:44:36Z,0,0
"Terrorist speaking about terrorism, lol
Terrorist calling for ethnic cleanising, and providing bombs to those comitting genocide, is calling other terrorists, what delusion americas & israelis live in, they have their own bubble only in their mind and they only ses that, blind in their hearts, filthy arrogant about something they donâ€™t even have, and level of delusion is most deluded people think theyâ€™re the smartest while every sane person knows these are terrorists in suits ordering terrorism day in day out, what america is calling on all countries isnâ€™t it terrorism ? And itâ€™s not america calling it, it is the Terroristâ€™s call i.e. Trump",@Usman-ys9tw,2025-02-13T04:38:19Z,0,0
Peace be with you Mr President Trump. You are the Prince of Peace,@akupengikutyesus6095,2025-02-13T04:32:07Z,0,0
what's with all the cuts?,@derekchester1208,2025-02-13T04:31:33Z,0,0
She's not blonde.  Trump is really branching out.,@coloradoken3159,2025-02-13T04:31:12Z,0,0
WINNING,@KeithFraser-x4e,2025-02-13T04:29:18Z,0,0
Finally a real woman,@KeithFraser-x4e,2025-02-13T04:28:20Z,0,0
if trump changes these child support laws he would be the greatest president in history it's unfair for men,@Loudwis,2025-02-13T04:27:10Z,0,0
"Finally, a Hindu.",@catpocalypsenow8090,2025-02-13T04:21:21Z,0,0
Why are there things  cut out,@Therealmontee,2025-02-13T04:20:09Z,0,0
"Trump treats a person how they treat him. Ever since the media began to give some resemblance of respectful questioning during his 2nd term, heâ€™s been very presidential. 

We could have had this type of leadership and fixing of corruption 10 years ago if the media and politicians werenâ€™t fomenting hate beginning in 2015. 

Lost decade of prosperity, soldiers lives lost, and trillions of taxpayers dollars wasted. 

Average republicans and democrats are breaking for Trump. The deep state is scared to death, and theyâ€™re screaming like banshees, cry bullies getting their comeuppance. 

What a great period of American history.",@JH-qy7zw,2025-02-13T04:20:06Z,0,0
"CONGRATULATIONS TULSIâ¤â¤   PRESIDENT TRUMP HAS DONE MORE FOR US AND AMERICA IN HIS FIRST DAY THAN BIDEN DID IN 4 YRS!!! GOD BLESS YOU PRESIDENT TRUMP AND TULSI!!!!    Also why not just play the full press conference, what's with all the jump cuts??",@alisexton271,2025-02-13T04:18:18Z,0,0
"Trump asking Russia to stop the wars, Ukraine and Israel should have peace and he will get it done like how the president behind him Reagan's picture got it done. The Berlin wall fell and Eastern Europe obtained their freedom soon after, amazing portrait of President Ronald Reagan. Reagan VP was director of CIA George Bush. 2028 Vance Pres. & Gabbard VP, 2036 Gabbard for President similar to George Bush CIA to VP to President path!",@DJCal_Z,2025-02-13T04:15:49Z,0,0
"Tulsi and Pam don't just pass the Bechdel Test, they incinerate it -",@atlanteum,2025-02-13T04:14:19Z,0,0
Congratulations Tulsi! I feel so much better with you as DNI!! Thank you President Trump!!,@Freedomreigns432,2025-02-13T04:10:10Z,0,0
"It's a shame that so many cuts and splices and edits went into this. But it is certainly nice to hear president Trump answering questions directly and truthfully. What a tremendous change from the Biden administration!!

Congratulations to Tulsi Gabbard, do I expect to do very well in this position.

I would also like to note that I am available to be the Governor of Greenland.",@kevinkelly1529,2025-02-13T04:08:03Z,0,0
I support and will obey TRUMP forever!,@philliphsieh83,2025-02-13T04:00:36Z,1,0
he seems old ğŸ¤£,@BG-qo8me,2025-02-13T03:59:54Z,0,0
...and the DEMS told us Trump hated women and wouldn't have them in his cabinet. Looks like they lied again!  ğŸ¤£ğŸ¤£ğŸ¤£,@anthonymiller4241,2025-02-13T03:59:53Z,0,0
"I will never watch national desk again, what an absolute sh*t show of editing.",@JH-qy7zw,2025-02-13T03:59:37Z,0,0
Even Real Republicans think Trump is the antichrist.,@Elaine-r1t,2025-02-13T03:55:20Z,0,0
Trump's so awful he couldn't find anyone worth while in the GOP who wanted this position.,@Elaine-r1t,2025-02-13T03:54:46Z,0,0
GOD is MERCIFUL! ğŸ•Šï¸ğŸ•Šï¸ğŸ•Šï¸ğŸ™ğŸ™ğŸ™ğŸ™ğŸ™ğŸ™ğŸ™ğŸ™ğŸ’–ğŸ’–ğŸ•Šï¸ğŸ•Šï¸ğŸ•Šï¸ğŸ•Šï¸ğŸ•Šï¸ğŸ™ğŸ™,@sofiagolding1451,2025-02-13T03:54:44Z,1,0
Tulsi!!!â¤â¤â¤â¤ğŸ•Šï¸ğŸ•Šï¸ğŸ‘ğŸŒ¹ğŸ’â¤ï¸ğŸ‘ğŸ‘ğŸ‘ğŸ’–ğŸ‘ğŸ’ğŸŒ¹ğŸ•Šï¸ğŸ•Šï¸ğŸ•Šï¸ğŸ•Šï¸ğŸ•Šï¸ğŸ•Šï¸ğŸ•Šï¸,@sofiagolding1451,2025-02-13T03:53:13Z,3,0
I think thatâ€™s to far,@LuisPerez-jo7lz,2025-02-13T03:49:00Z,1,0
Letâ€™s get started!!!! All aboard the Trump Train!,@briandeleon5166,2025-02-13T03:47:12Z,2,0
Why are there so many cuts in this video,@samueldebeer1210,2025-02-13T03:45:12Z,0,0
Democrats never made newsğŸ˜…,@BuschLatte,2025-02-13T03:41:22Z,1,0
"This video cuts out so many times, very poor quailty, unlike tulsi gabbard â¤",@cctkm101,2025-02-13T03:35:08Z,0,0
No minorities in the military ?ğŸ‘€â€¦ yawl takin this DEI to farâ€¦.if this is true. But okâ€¦,@goldrose6896,2025-02-13T03:27:37Z,0,0
Who is interrupting the videoâ€¦ skipping,@marydietterich5968,2025-02-13T03:22:24Z,0,0
"That crooked idiot McConnell voted against her....RECALL HIM KENTUCKY,  then send him to jail!",@michaelvuksta1567,2025-02-13T03:21:15Z,0,0
"It's DNI, not CIA",@platinumuschannel,2025-02-13T03:20:13Z,0,0
Congratulations tulsi ğŸ‘,@HIMANSHU79879,2025-02-13T03:16:39Z,1,0
Awesome!ğŸ‰,@CindyParks-s3t,2025-02-13T03:14:49Z,5,0
"Great seeing Tulsi in such an important position.  I trust her, completely",@saintcruzin,2025-02-13T03:12:26Z,7,0
"President Elect Trump;

Sir, I call in you at this historical time in the history of our Republic that you seriously consider going forward with filing Rico laws on the Major Thiefs, past, present and future, within Our Government.

The married poor guy who steals 100 bucks always gets jail time and a broken family. 

Finally, historically attempted concentration of piwer has always been a seven headed snake. Therefore, if one follows the money it usually leads back into these mentally incompetent families, then its RICO TIME....'if' anyone cares about 'recovery' of all these trillions and trillions of stolen monies or do we allow them to keep and its inherent power to live to steal, corruption and destroy Our Country in a less obvious way in the future. No, its now or never time and i think you Sir, are one of the few that Knows this.
Sava",@marcevanodell,2025-02-13T03:11:35Z,0,0
The biggest mistake the Democrats made was to push Tulsi away.,@Dark_Asteroid,2025-02-13T03:10:54Z,0,0
This brave woman has really earned her job!  So happy to see her finally ready to start serving her country in this new position ! ğŸ‘ ğŸ‘ ğŸ‘,@Prettyfunny40,2025-02-13T03:10:11Z,0,0
"Hallelujah! Tulsi Gabbard is indeed a fine choice for Americans! Thank you, Tulsi. Weâ€™ve got your back, as you have ours.â¤",@cherisejanell,2025-02-13T03:07:39Z,4,0
Horrible feed cutting out,@jimcatanzaro7808,2025-02-13T03:06:36Z,0,0
"allez chercher et arrÃªter les responsables chez youtube et google pour leurs parti pris islamique .virez les tous .Et virez ces juges de gauches aussi . C'est de la vermine ,des traitres et des assassins .Message de France :nous en avons ras le bol ,marre des guignols autoproclamÃ© .",@car78-l3u,2025-02-13T03:06:07Z,0,0
Rfk jr,@jimcatanzaro7808,2025-02-13T03:00:47Z,0,0
Trump show for all who want to watch,@HS2ND,2025-02-13T02:59:37Z,0,0
Tulsi will be failed,@bobbybartel,2025-02-13T02:58:05Z,0,0
GULF OF MEXICO GULF OF MEXICO GULF OF MEXICO! ALWAYS WILL BE GULF OF MEXICO! We fly over americaâ€¦never to set foot on that country againâ€¦everâ€¦.you have trump you deserve him. I wonâ€™t even say good luck cause I donâ€™t wish americans good luck,@nodeal867,2025-02-13T02:54:46Z,0,0
@21:00,@friendlyfire7509,2025-02-13T02:52:56Z,0,0
Wrong!!! Not directlr of c.i.a,@ruggedtechie5867,2025-02-13T02:48:04Z,0,0
"She's one of the more decent (and attractive) appointees of this absurd liar and science-denier who we apparently ""need"" to get some dirty work done, but he's never faced solid competition from Democrats, who should completely ditch wokeness to win in 2028.",@DefundTheFringes,2025-02-13T02:45:39Z,0,0
I absolutely love watching President Trump activity in the Ovule Office. Everyday filling the general public of what heâ€™s doing with the country. Heâ€™s not hiding anything like Biden.,@chucknorris9511,2025-02-13T02:45:01Z,0,0
WAY TO GO TULSI!! I LOVE TULSI,@Bob-uq4fi,2025-02-13T02:36:35Z,2,0
"What a difference in priorities. Trump gets a school teacher released from a Russian prison. Biden got Brittany Griner,busted for drugs who hates America freed.",@skylershank9309,2025-02-13T02:35:58Z,0,0
Congratulations mam ğŸ‘,@RealCricketField,2025-02-13T02:32:49Z,2,0
Why is this cut to pieces. Can't trust a source that edits thing our President says. No Way!,@gianttomjones,2025-02-13T02:32:03Z,0,0
Trump is a liar and Quisling.,@northernlight8857,2025-02-13T02:23:12Z,0,0
"ğŸ¤¡Trump- she'll be my go-to Rubberstamp If I say 6 was a 9, she won't mind.",@georgecenteno4711,2025-02-13T02:17:17Z,0,0
"I am a combat vet and please, this is insane.  Let's move to end this.",@barryseal1979,2025-02-13T02:15:03Z,0,0
Congratulations Tulsi!!!,@DeniseBetancourt-j7s,2025-02-13T02:12:51Z,1,0
Never thought I'd see the day a Kremlin asset was named Director of the CIA. Beyond disgusting.,@alexgray337,2025-02-13T02:08:18Z,0,0
She could have waited get kash in the FBI so he can clean house,@raybrown9724,2025-02-13T01:59:37Z,0,0
Tulsi is she the puppy murderer or the Chinese spy I can't remember ğŸ¤”,@mikeballew3283,2025-02-13T01:44:03Z,0,0
ğŸŠğŸ¾ğŸ‰Congratulations Tulsi ğŸ‰ğŸ¾ğŸŠ MAKE AMERICANS PROUD!,@JasonKeck39,2025-02-13T01:44:01Z,1,0
"Bidenâ€™s time was nap time for Joe, lying time for Mayorkas and Fauci, and corruption time as usual for DemonRats.",@Wolfhound-65,2025-02-13T01:35:03Z,0,0
Biden sluffed off and let things rot.. Sleepy made us look ridiculous.. President Trump has done MORE work in 1 month than Biden/Harris could do in 2-3 years,@Tyrone-r2u,2025-02-13T01:33:02Z,0,0
"Just Lovely for Tulsi, a true Patriot.",@Wolfhound-65,2025-02-13T01:29:58Z,4,0
Corrupt Judges. Don't give them a dime.,@diamondgirl999,2025-02-13T01:23:48Z,0,0
it's rare earth minerals not raw earth or rare earth do some reading orange boy,@davanzd,2025-02-13T01:22:06Z,0,0
IRS should be involved!! Mexicans donâ€™t pay taxâ€™s! They have ways to get around our laws! I just retired after working in construction for 50 years! Got to bad working with the Mexicans. I carried my gun everywhere I worked! They would try to bully and intimidate the managers! Always wanted more money and easy jobs! A bunch of damn criminals!,@John-ko5il,2025-02-13T01:18:35Z,0,1
why is so orange? ğŸŠğŸ˜‚,@RM-ih1ks,2025-02-13T01:16:15Z,0,0
YAY!!! I teared up watching this.  You Go Girl!,@cacinaz8802,2025-02-13T01:15:48Z,0,0
"Congratulations Tulsi. I wish my sister was here to observe this. She retired from the Air Force Reserves as Lt Colonel a couple of years ago, and recently passed from cancer. She would be so proud of this moment. Hawaii is a small community so this is special. Hawaii is proud of you and we love you.  One last noteâ€¦ you are a very eloquent speaker. I know you will make America Safe and Trusted Again. Congratulations Tulsi and thank you for your service ğŸ‡ºğŸ‡¸ğŸ’ªâ™¥ï¸ğŸŒºğŸ”¥",@ADND808,2025-02-13T01:15:18Z,0,0
The most hated man ever. Just F Off. America must detain this lunatic,@dunamanaghman,2025-02-13T01:14:57Z,0,0
"America the blind!
With eyes wide open.
Unbelievable!",@barryholt1988,2025-02-13T01:14:48Z,0,0
Congratulations ğŸ˜Š,@Carol-Lyne,2025-02-13T01:12:07Z,3,0
"White outfit: my ceremony 
Black outfit: your funeral",@Greg-l1t,2025-02-13T01:11:49Z,0,1
Homerun!!!!,@PLKirby1986,2025-02-13T01:06:35Z,0,0
Youâ€™re cutting it YouTube.  Share the whole video.,@MichaelAdams-f1h,2025-02-13T01:05:26Z,7,0
â˜ğŸ‘€ ZELENSKY AINT SEEN PENNY OF CASH & WEAPONS MADE AMERICAğŸ˜›What a Perfect Money Laundering BIDEN CASH SCAMğŸ’¯Trumps Stopping USA TheftğŸ‡ºğŸ‡¸,@damlitproductions8126,2025-02-13T01:05:16Z,0,0
POTUS Trump is SO sharp! He will go down in history as one of the greatest modern American presidents!!!,@two-four-five_trioxin124,2025-02-13T01:04:42Z,0,0
Superstar cabinet and appointees,@rickallen8767,2025-02-13T01:03:21Z,0,0
"Congrats to Tulsi G. 
ğŸ‘ğŸ‘ğŸ‘thank you for your serviced.",@vietnamtoidau3846,2025-02-13T00:59:45Z,10,0
"Never watching this channel again, yu chop up the video, literaly midsentence. Deepstate, god, all the words chopped out. Pff",@Mayasoflya,2025-02-13T00:58:30Z,0,0
Wow an actual President that people actually listen to and whoâ€™s actions match his words. He truly is putting the American People first!,@jubyloo2,2025-02-13T00:57:34Z,0,0
great,@sam-qw1pz,2025-02-13T00:57:11Z,0,0
Trump MAGA!!!,@Tom-sj1pt,2025-02-13T00:55:15Z,0,0
"HE'S ON THE TRAIN BOYS ğŸ¤£ğŸ’¦
â˜ğŸ‘€ Zelensky Can Alway Do Comedy â—
Pantiles  ğŸ‘–ğŸ†ğŸ¹",@damlitproductions8126,2025-02-13T00:51:29Z,0,0
Shes a putin spy,@bill2461,2025-02-13T00:51:20Z,1,0
Why is the video chopped up?,@Mayasoflya,2025-02-13T00:51:03Z,2,0
WTF? Why so much skipping?,@Spiritualwarriorrecovery,2025-02-13T00:49:08Z,10,0
Donald you just folded over backwards for Putin. Youâ€™re a coward and a a loser.,@sloughwaya7291,2025-02-13T00:48:44Z,1,0
Why the cuts?,@danielpalacios4848,2025-02-13T00:47:19Z,3,0
Another sad day in America.,@Lucy-z6n7s,2025-02-13T00:46:56Z,0,0
Elon is National treasure. Protect him at all cost.,@Hung-Tien,2025-02-13T00:46:40Z,0,0
My eyes are tearing up watching this happen. She is going to make us all proud and have faith in our government again.,@JustPeaceLoveAndKindness,2025-02-13T00:46:25Z,7,0
Peace and freedom ğŸ™ amazing president and all his picks are great. Thank you. God Bless you all!,@Imissmylucky,2025-02-13T00:45:49Z,1,0
Show your evidence.,@kofoworolaolumuyiwa,2025-02-13T00:45:48Z,0,0
Tulsi ğŸ‡ºğŸ‡²â¤ï¸ğŸ™ğŸ¥°,@bretmavrick-ph2ip,2025-02-13T00:44:20Z,3,0
"What's with the feed cutting parts? Is this a form of censorship? I get it, people don't like him..., but damn. At least upload the full speech so we can hear what is going to happen, like him or not!",@artaqifaturiel7512,2025-02-13T00:44:20Z,1,0
"Tulsi Gabbard being confirmed is a perfect slap in Dems' faces. Now it's time for them to receive the 2nd one, after hopefully soon conf. of Kash Patel, and then, last not least, the third one with conf. of RFK jr. as head of HHS.",@juliainnerhofer535,2025-02-13T00:42:43Z,0,0
Why are there so many cuts?,@80b,2025-02-13T00:41:05Z,0,0
Show your evidence ğŸ˜¢.Liar,@kofoworolaolumuyiwa,2025-02-13T00:41:03Z,0,0
Lies Lies Lies ğŸ˜Š,@kofoworolaolumuyiwa,2025-02-13T00:40:23Z,0,0
Tulsi is beautiful and intelligent.  Something you don't see much of nowadays.,@haze_the_alchemist1123,2025-02-13T00:39:35Z,8,0
Where is the evidence of the fraud.American dear you to mention the names .Trump and Elon are Criminal enterprise.,@kofoworolaolumuyiwa,2025-02-13T00:39:35Z,0,0
"President Trump. You first have to crush the Nepotistic corrupt mafia style RACIST. White supremacist Israel's ugly and disgusting Supreme Court. That largely responsible for October 7. And for the RACIST exclusion of non white Ashkenazic justices. With the exception of one seat dubbed the FRAINK S
President Trump. You first have to crush the Nepotistic corrupt mafia style RACIST. White supremacist Israel's ugly and disgusting Supreme Court. That largely responsible for October 7. And for the RACIST exclusion of non white Ashkenazic justices. With the exception of one seat dubbed the FRAINK S",@sholomrosenberg3352,2025-02-13T00:38:41Z,0,0
Israel's Attorney General Baharav Miara..A world expert in selective enforcement.  Has announced that she developed an ingenious plan on how to selectively prosecute Black and Hispanic people in the US.  And how to abolish pertinent laws prohibiting that. She awaits Congressional invitation on its implementation.,@sholomrosenberg3352,2025-02-13T00:38:16Z,0,0
"The new US attorney General Pam Bondi utterly speechless after learning of the deep seated 2 tier ""justice"" that permeates the Israeli judicial landscape..The Israeli judicial mafia threatened. to terminate diplomatic relations . If the US would attempt to tamper with the existing ""justice"" systemThe new US attorney General Pam Bondi utterly speechless after learning of the deep seated 2 tier ""justice"" that permeates the Israeli judicial landscape..The Israeli judicial mafia threatened. to terminate diplomatic relations . If the US would attempt to tamper with the existing ""justice"" system",@sholomrosenberg3352,2025-02-13T00:37:57Z,0,0
"Being briefed by a convicted felon who was convicted of 34 counts  of fraud by a jury of his perrs, telling the American public with a straight face that there is fraud in our Treasury dept.  Americans have truly been suckered by a con artist.",@gamat9735,2025-02-13T00:35:06Z,0,0
"She was sworn in as Director of National Intelligence, NOT the Director of the CIA. The video headline is wrong. The DNI is OVER the director of the CIA. ALL of the ""intelligence"" agencies report to HER. VERY powerful position.",@patriotwarrior8489,2025-02-13T00:34:25Z,0,0
Congrats LT.COL TULSI GABBARD thank you for your everlasting service and thanks for keeping us safe!!! God Bless,@anthonymorris9701,2025-02-13T00:31:36Z,1,0
"Why do all the idiotic media people try to all yell questions at once? If whoever was being questioned, in this case Trump, would ask one at a time say from left to right or whatever and organize it better then the audience would be able to hear the questions asked! I love Trump and all his team, wonderful progress already!",@tessylouella,2025-02-13T00:30:52Z,0,0
Mark Cuban said no smart of strong woman around him,@shaieresmirnoff,2025-02-13T00:29:30Z,0,0
I wish kamala would have won. This corruption secrets would never been discovered.. hahahahağŸ˜‚,@andrewchiongsantillan2917,2025-02-13T00:29:11Z,0,0
I hope she fires everyone who had a part of putting her on the No Fly list.,@kirkfrisby,2025-02-13T00:28:59Z,0,0
She not the director of the CIA. She's director of national intelligence,@Jackofspade2025,2025-02-13T00:27:34Z,0,0
"*TRUMP , VANCE, GABBARD* 20yr RUN",@GreenLanternWillPower,2025-02-13T00:26:42Z,0,0
God bless president Trump,@SuperKyle309,2025-02-13T00:25:43Z,0,0
All the smart democrats are running away from the party and joining a much more moderate trump team. Great work.,@Dave-rh1ry,2025-02-13T00:25:29Z,0,0
dirty Joe is a thief and he was in office stealing  with Dems.,@NotRose-hf7kr,2025-02-13T00:24:37Z,0,0
Congratulations Tulsi Gabbard ğŸ‰ğŸ‰ğŸ‰ğŸ‰â¤â¤â¤â¤,@123prenyvkmg,2025-02-13T00:23:10Z,5,0
Putin has to be held responsible for all those deaths and damage. Heâ€™s the cause of the whole problem under what laws of the United States can anybody do what he did and not go to jail.?,@peacefromraineydaze5289,2025-02-13T00:22:58Z,0,0
"Great job so far, Mr. Trump however, Putin doesnâ€™t want peace. He wants mercy",@peacefromraineydaze5289,2025-02-13T00:22:18Z,0,0
"Well, it could have been worse!  They could gave confirmed Stewart Rhodes orEnrique Tarrio.  But even more scary Marg Taylor Green!",@gamat9735,2025-02-13T00:20:19Z,0,0
Look at that smile sheâ€™s Wonder Woman on the Justice League,@shaieresmirnoff,2025-02-13T00:19:40Z,0,0
"The final job of the IRS and the FBI needs to be to audit and possibly arrest our crooked politicians.

I bet the deep state is the reason why Big Media says ""you don't want a businessman as president. ""

No. WE DO.",@defrank1870,2025-02-13T00:17:02Z,0,0
"So happy to see another prayer answered! Ms. Gabbard has an incredible mind, & an intense love for our Country, & her / our Veteran Heroes!  What an ASSET!",@TekieD-Rogers,2025-02-13T00:16:58Z,0,0
Why all the editing?,@rob1965ify,2025-02-13T00:16:21Z,3,2
"I have a simple question: Why don't all U.S. liberals and Democrats just move to Canada??? Then, the real Canadians (hard-working, tax-paying, law-abiding, deer hunting Canadians) can relocate down to the Republic..!!!",@jjohnston1552,2025-02-13T00:14:56Z,0,0
"Ok.  Director of CIA???????  Hey National Desk, is it a joke or something?  She is DNI, Director of National Intelligence.",@stevenbrown1557,2025-02-13T00:14:26Z,9,0
Wasn't she confirmed as the director of National Intelligence not the CIA. That is going to be John Ratcliff. National desk so lazy or that bad they mislabeled this video.,@theodoreryan7892,2025-02-13T00:11:51Z,0,0
"Easy on the jump cuts, there.....",@grahambarton3564,2025-02-13T00:10:52Z,0,0
"Well earned and deserving, she will be a wonderful DNI.",@teachleblanc7871,2025-02-13T00:10:32Z,0,0
Student loans ARE LOANS! THEY SHOULD PAY IT BACK!,@unnamable465,2025-02-13T00:09:38Z,3,0
Congratulations to Tulsa  God bless.,@smokeyy2klove,2025-02-13T00:09:07Z,0,0
"Congratulations, TulsiğŸ‰! Thank you, TrumpğŸ‰!!!",@ConstanceMccoy,2025-02-13T00:08:08Z,11,1
Why did the media love to interrupt him? Iâ€™ve never seen such disrespect you speaking over top of each other like children they donâ€™t know any better.ğŸ˜‚,@nicholasnapier2684,2025-02-13T00:08:06Z,0,0
AMAZING,@vangiesutube,2025-02-13T00:07:46Z,7,0
"So refreshing to have a president that can actually speak at length.  Joe was a train wreck (with few exceptions) every time he opened his mouth, teleprompter included.  I can't wait to see how Director Gabbard reshapes the agency.",@DomRadom556,2025-02-13T00:07:13Z,0,0
"thanks, Tulsi! ğŸ‡ºğŸ‡¸",@TylerP9999,2025-02-13T00:04:44Z,2,0
Do an Audit on PITA!!!,@unnamable465,2025-02-13T00:04:36Z,12,1
Pardon Tiger King he is Innocent!!!!,@unnamable465,2025-02-13T00:03:56Z,1,0
"Itâ€™s horrifying that leaders massacre for land, then blame the victims. None of us are safe.",@abdulafzalzada4278,2025-02-13T00:03:25Z,0,0
But Black Rock and other American companies have been exploiting Ukraine....,@manzmoez9099,2025-02-13T00:03:09Z,0,0
Trump has lost weight!!!ğŸ˜Š lookin good Trump!,@unnamable465,2025-02-13T00:02:50Z,3,0
BLESSED ARE THE PEACEMAKERS FOR THEY SHALL SEE THE KINGDOM OF GOD!! (Jesusâ€™s sermon on the mount).,@juanitacurry4223,2025-02-13T00:01:52Z,0,0
why the edit at 3:57 ?,@DomRadom556,2025-02-13T00:01:31Z,0,0
Tulsi and her husband are so cute together!!!!! Have you guys seen them sing Hawaiian lullabies on the yukelele!!!,@patriciagroth2015,2025-02-13T00:00:33Z,0,0
â¤â¤â¤â¤,@SUCIOYKE,2025-02-13T00:00:10Z,0,0
She is the perfect person for this job!! She WILL be our first Female President!!,@pdd7153,2025-02-12T23:58:57Z,0,0
"Hallelujah!ğŸ‡ºğŸ‡¸. Thank you, Jesus.  âœï¸",@David_A._Ream,2025-02-12T23:58:49Z,0,0
"now that I think about it; and to enable mass browsing of television and operating systems:
theoretically, the tabs order should order the symbols as activity of the web browser; 
and that the prioritization is left to the occlusion by the USA police state citizens.
Americas should be honest with the Fulcrum Treatise: to broadcast basic military actions, 
not to misrepresent militarism in ways that nominal civilians fail to comprehend.
but you are not obliged the same rubric as representatives,
 I am looking forward to more integrity and more footage to inspire public morale.",@SturzeVunQuelle,2025-02-12T23:58:32Z,1,0
WE LOVE TULSI!!!,@Stuntshine,2025-02-12T23:57:47Z,2,0
Tulsi!! New Hampshire is so proud!  Congratulations! â¤,@micheletaillon2677,2025-02-12T23:57:13Z,5,0
"spent way too long searching for Vibrations of Manifestation by Alex Lane, and now i know why it keeps disappearing. this isnâ€™t some basic â€œthink positiveâ€ bookâ€”it actually explains why some people attract everything while others stay stuck. applied just one thing from it, and my results changed fast. if you can find it, donâ€™t sleep on it.",@ahmadkofficial8342,2025-02-12T23:56:57Z,0,0
"i donâ€™t know why this book is so hard to find, but after finally getting Vibrations of Manifestation by Alex Lane, i get why they donâ€™t want this out there. it breaks down exactly why most people stay stuck, and once you see it, you canâ€™t unsee it. since reading it, my whole life has shifted. the secrets inside are worth the effort.",@NileshRaval-ko4yr,2025-02-12T23:56:48Z,72,0
a beautiful smart successful warrior of a woman and she isnt all white...cmon where are the feminists,@darthjarwood7943,2025-02-12T23:56:13Z,0,0
Democrats are still the enemy 80+ million of them! What a rare breed of thinking useless minds is a reprobate mind.,@darrelltalbott4830,2025-02-12T23:54:56Z,1,0
Back by popular demand,@FloydRoss-bb1cx,2025-02-12T23:54:21Z,0,0
Zelenskyy has way too much blood on his hands! Ukraine ğŸ‡ºğŸ‡¦ they 100% want him to VANISH,@johnnafarrell3336,2025-02-12T23:54:15Z,0,0
"This video feed is so bad, MASSIVE GLITCHES IN THE SPEACH",@Nees1,2025-02-12T23:52:41Z,0,0
"Think about that 100 billion annually being sent out to recipients with no Social security numbers, Straight ripoffğŸ‘Š taxpayers have been played.",@nomadlife682,2025-02-12T23:52:38Z,0,0
"WTG Tulsi, Thank you President Trump and AG Pam Bondi!!!â¤â¤",@laurasharkstooth82,2025-02-12T23:51:48Z,0,0
Next stop first woman president,@TheWatcher2003,2025-02-12T23:49:05Z,0,0
I wonder how long it will take for this one to turn on trump ğŸ¤­ğŸ˜‚,@lostcrow,2025-02-12T23:49:04Z,1,0
Tulsi wearing black because itâ€™s the deep states funeral,@Verkinggettorix,2025-02-12T23:48:48Z,0,0
Tresson stops even in a court !!,@maurihaukkavaara6946,2025-02-12T23:48:29Z,0,0
Congratulations Tulsi ğŸ‰,@georgetterath4035,2025-02-12T23:46:53Z,0,0
Congratulations Tulsi!,@louisehoff9467,2025-02-12T23:46:40Z,0,0
Cool woman running ğŸ˜Š,@Pokemoncollector500,2025-02-12T23:45:44Z,0,0
